"Company ID","Company Name","Industry Name","SIC Code"
1,"Walmart","Retail-Variety Stores","5331"
2,"ExxonMobil","Petroleum Refining","2911"
3,"Chevron Corporation","Petroleum Refining","2911"
4,"General Motors Company","Motor Vehicles & Passenger Car Bodies","3711"
5,"ConocoPhillips","Petroleum Refining","2911"
6,"General Electric","Electronic & Other Electrical Equipment (No Computer Equip)","3600"
7,"Ford Motor","Motor Vehicles & Passenger Car Bodies","3711"
8,"Citigroup Inc.","National Commercial Banks","6021"
9,"Bank of America","National Commercial Banks","6021"
10,"AT&T, Inc.","Telephone Communications (No Radio Telephone)","4813"
11,"Berkshire Hathaway Inc.","Fire, Marine & Casualty Insurance","6331"
12,"JPMorgan Chase","National Commercial Banks","6021"
13,"AIG","Fire, Marine & Casualty Insurance","6331"
14,"Hewlett-Packard","Computer & Office Equipment","3570"
15,"IBM","Computer & Office Equipment","3570"
16,"Valero Energy Corporation","Petroleum Refining","2911"
17,"Verizon","Telephone Communications (No Radio Telephone)","4813"
18,"McKesson","Wholesale-Drugs Proprietaries & Druggists' Sundries","5122"
19,"Cardinal Health, Inc.","Wholesale-Drugs Proprietaries & Druggists' Sundries","5122"
20,"Goldman Sachs","Security Brokers, Dealers & Flotation Companies","6211"
21,"Morgan Stanley","Security Brokers, Dealers & Flotation Companies","6211"
22,"The Home Depot, Inc.","Retail-Lumber & Other Building Materials Dealers","5211"
23,"The Procter & Gamble Company","Soap, Detergent, Cleaning Preparations, Perfumes, Cosmetics","2840"
25,"UnitedHealth Group, Inc.","Hospital & Medical Service Plans","6324"
26,"The Kroger Co.","Retail-Grocery Stores","5411"
27,"The Boeing Company","Aircraft","3721"
28,"AmerisourceBergen","Wholesale-Drugs Proprietaries & Druggists' Sundries","5122"
29,"Costco Wholesale Corporation","Retail-Variety Stores","5331"
30,"Merrill Lynch","Security Brokers, Dealers & Flotation Companies","6211"
31,"Target Corporation","Retail-Variety Stores","5331"
33,"WellPoint, Inc.","Hospital & Medical Service Plans","6324"
34,"Dell Inc","Electronic Computers","3571"
35,"Johnson & Johnson","Pharmaceutical Preparations","2834"
36,"Marathon Oil Corporation","Petroleum Refining","2911"
38,"Wachovia Corporation","National Commercial Banks","6021"
39,"United Technologies Corporation","Aircraft Engines & Engine Parts","3724"
40,"Walgreen Co.","Retail-Drug Stores And Proprietary Stores","5912"
41,"Wells Fargo","National Commercial Banks","6021"
43,"MetLife","Insurance Agents Brokers & Services","6411"
44,"Microsoft Corporation","Services-Prepackaged Software","7372"
46,"Sears Holdings Corporation","Retail-Department Stores","5311"
47,"United Parcel Service, Inc.","Trucking & Courier Services (No Air)","4210"
48,"Pfizer Inc.","Pharmaceutical Preparations","2834"
49,"Lowe's","Retail-Lumber & Other Building Materials Dealers","5211"
50,"Time Warner Inc.","Services-Motion Picture & Video Tape Production","7812"
51,"Caterpillar, Inc.","Construction Machinery & Equip","3531"
52,"Medco Health Solutions","Retail-Drug Stores And Proprietary Stores","5912"
53,"Archer Daniels Midland","Fats & Oils","2070"
54,"Fannie Mae","Federal & Federally-Sponsored Credit Agencies","6111"
55,"Freddie Mac","Federal & Federally-Sponsored Credit Agencies","6111"
56,"Safeway","Retail-Grocery Stores","5411"
57,"Sunoco, Inc.","Petroleum Refining","2911"
58,"Lockheed Martin Corporation","Guided Missiles & Space Vehicles & Parts","3760"
59,"Sprint Nextel","Telephone Communications (No Radio Telephone)","4813"
60,"PepsiCo, Inc.","Beverages","2080"
61,"Intel Corporation","Semiconductors & Related Devices","3674"
62,"Altria Group, Inc.","Cigarettes","2111"
63,"Supervalu","Wholesale-Groceries & Related Products","5140"
64,"Mondelēz International, Inc.","Food & Kindred Products","2000"
65,"The Allstate Corporation","Fire, Marine & Casualty Insurance","6331"
66,"Motorola","Radio & Tv Broadcasting & Communications Equipment","3663"
67,"Best Buy Co, Inc.","Retail-Radio Tv & Consumer Electronics Stores","5731"
68,"The Walt Disney Company","Services-Miscellaneous Amusement & Recreation","7990"
69,"Federal Express Corporation","Air Courier Services","4513"
70,"Ingram Micro","Wholesale-Computer & Peripheral Equipment & Software","5045"
71,"Sysco","Wholesale-Groceries & Related Products","5140"
72,"Cisco Systems, Inc.","Computer Communications Equipment","3576"
73,"Johnson Controls","Public Building And Related Furniture","2531"
74,"Honeywell International Inc.","Motor Vehicle Parts & Accessories","3714"
76,"American Express Company","Finance Services","6199"
77,"Northrop Grumman Corporation","Search, Detection, Navigation, Guidance, Aeronautical Sys","3812"
78,"Hess Corporation","Petroleum Refining","2911"
80,"Comcast Corporation","Cable & Other Pay Television Services","4841"
81,"ALCOA INC","Rolling Drawing & Extruding Of Nonferrous Metals","3350"
82,"DuPont","Plastic Material, Synth Resin/Rubber, Cellulos (No Glass)","2820"
84,"The Coca-Cola Company","Beverages","2080"
86,"Aetna Inc.","Hospital & Medical Service Plans","6324"
88,"General Dynamics","Ship & Boat Building & Repairing","3730"
89,"Tyson Foods","Poultry Slaughtering And Processing","2015"
92,"Macy's","Retail-Department Stores","5311"
94,"The Travelers Companies, Inc.","Fire, Marine & Casualty Insurance","6331"
96,"The Hartford Financial Services Group, Inc.","Insurance Agents Brokers & Services","6411"
97,"Abbott Laboratories","Pharmaceutical Preparations","2834"
99,"Humana Inc.","Hospital & Medical Service Plans","6324"
103,"Deere & Company","Farm Machinery & Equipment","3523"
104,"Apple","Electronic Computers","3571"
105,"Countrywide Financial Corp.","Savings Institution, Federally Chartered","6035"
106,"Tech Data","Wholesale-Computer & Peripheral Equipment & Software","5045"
107,"McDonald's Corporation","Retail-Eating Places","5812"
110,"American Airlines Group Inc.","Air Transportation, Scheduled","4512"
112,"Emerson Electric","Electronic & Other Electrical Equipment (No Computer Equip)","3600"
113,"Raytheon Company","Search, Detection, Navigation, Guidance, Aeronautical Sys","3812"
115,"International Paper","Paper Mills","2621"
116,"Electronic Data Systems","Services-Computer Programming, Data Processing, Etc.","7370"
117,"Tesoro Petroleum Companies, Inc.","Petroleum Refining","2911"
118,"Constellation Energy","Electric Services","4911"
119,"Coca-Cola Enterprises, Inc.","Bottled & Canned Soft Drinks Carbonated Waters","2086"
120,"Goodyear Tire & Rubber","Tires And Inner Tubes","3011"
121,"Manpower","Services-Help Supply Services","7363"
122,"Plains All American Pipeline, L.P.","Pipe Lines (No Natural Gas)","4610"
123,"US Bancorp","National Commercial Banks","6021"
124,"Occidental Petroleum","Crude Petroleum & Natural Gas","1311"
125,"United Continental Holdings, Inc.","Air Transportation, Scheduled","4512"
126,"Bristol-Myers Squibb Company","Pharmaceutical Preparations","2834"
127,"JC Penney","Retail-Department Stores","5311"
128,"Whirlpool Corporation","Household Appliances","3630"
129,"Staples","Retail-Miscellaneous Shopping Goods Stores","5940"
131,"Capital One Financial Corporation","State Commercial Banks","6022"
132,"Exelon","Electric & Other Services Combined","4931"
133,"The TJX Companies, Inc.","Retail-Family Clothing Stores","5651"
135,"Murphy Oil","Petroleum Refining","2911"
136,"Express Scripts","Retail-Drug Stores And Proprietary Stores","5912"
137,"Kimberly-Clark","Converted Paper & Paperboard Prods (No Containers/Boxes)","2670"
138,"Oracle","Services-Prepackaged Software","7372"
139,"AutoNation","Retail-Auto Dealers & Gasoline Stations","5500"
141,"Freeport-McMoRan Copper & Gold, Inc.","Metal Mining","1000"
142,"Cigna","Hospital & Medical Service Plans","6324"
143,"Rite Aid","Retail-Drug Stores And Proprietary Stores","5912"
145,"Xerox","Computer Peripheral Equipment, Nec","3577"
147,"United States Steel Corporation","Steel Works, Blast Furnaces  Rolling Mills (Coke Ovens)","3312"
149,"Fluor Corporation","Heavy Construction Other Than Building Const - Contractors","1600"
150,"Anheuser-Busch","Malt Beverages","2082"
151,"Google Inc.","Services-Computer Programming, Data Processing, Etc.","7370"
152,"Nucor","Steel Works, Blast Furnaces  Rolling Mills (Coke Ovens)","3312"
153,"Kohl's","Retail-Department Stores","5311"
154,"Nike","Rubber & Plastics Footwear","3021"
155,"Union Pacific Corporation","Railroads, Line-Haul Operating","4011"
156,"Illinois Tool Works","General Industrial Machinery & Equipment","3560"
157,"Bear Stearns","Security Brokers, Dealers & Flotation Companies","6211"
158,"Lear","Public Building And Related Furniture","2531"
159,"Arrow Electronics, Inc.","Wholesale-Electronic Parts & Equipment, Nec","5065"
160,"Anadarko Petroleum Corporation","Crude Petroleum & Natural Gas","1311"
161,"Burlington Northern Santa Fe, LLC","Railroads, Line-Haul Operating","4011"
162,"Dominion Resources","Electric Services","4911"
163,"Gap, Inc.","Retail-Family Clothing Stores","5651"
164,"Avnet, Inc.","Wholesale-Electronic Parts & Equipment, Nec","5065"
165,"Office Depot","Retail-Miscellaneous Shopping Goods Stores","5940"
166,"AFLAC Incorporated","Accident & Health Insurance","6321"
168,"Halliburton Company","Oil, Gas Field Services, Nbc","1389"
169,"FPL Group","Electric Services","4911"
170,"Paccar","Motor Vehicles & Passenger Car Bodies","3711"
171,"Computer Sciences Corporation","Services-Computer Integrated Systems Design","7373"
172,"Amazon.com, Inc.","Retail-Catalog & Mail-Order Houses","5961"
173,"The Bank of New York Mellon Corporation","State Commercial Banks","6022"
174,"Amgen","Biological Products (No Diagnostic Substances)","2836"
175,"TRW Automotive Holdings","Motor Vehicle Parts & Accessories","3714"
176,"Progressive","Fire, Marine & Casualty Insurance","6331"
178,"Centex","Operative Builders","1531"
179,"Continental Airlines, Inc.","Air Transportation, Scheduled","4512"
182,"CBS Corporation","Television Broadcasting Stations","4833"
183,"L-3 Communications Holdings, Inc.","Radio & Tv Broadcasting & Communications Equipment","3663"
184,"AES","Cogeneration Services & Small Power Producers","4991"
185,"Sun Microsystems","Electronic Computers","3571"
186,"Texas Instruments","Semiconductors & Related Devices","3674"
187,"Colgate-Palmolive","Perfumes, Cosmetics & Other Toilet Preparations","2844"
188,"Qwest Communications International Inc.","Telephone Communications (No Radio Telephone)","4813"
189,"World Fuel Services Corporation","Wholesale-Petroleum & Petroleum Products (No Bulk Stations)","5172"
191,"The Pepsi Bottling Group, Inc.","Beverages","2080"
192,"Viacom","Cable & Other Pay Television Services","4841"
193,"ONEOK, Inc.","Natural Gas Transmission & Distribution","4923"
194,"SunTrust Banks, Inc.","National Commercial Banks","6021"
195,"Penske Automotive Group","Retail-Auto Dealers & Gasoline Stations","5500"
196,"Consolidated Edison","Electric & Other Services Combined","4931"
197,"American Electric Power Company, Inc.","Electric Services","4911"
198,"Marriott International, Inc.","Hotels & Motels","7011"
199,"Public Service Enterprise Group","Electric & Other Services Combined","4931"
200,"Waste Management, Inc.","Refuse Systems","4953"
201,"PG&E Corp","Electric & Other Services Combined","4931"
202,"EMC CORPORATION","Computer Storage Devices","3572"
203,"Textron Inc.","Aircraft & Parts","3720"
204,"The Hillshire Brands Company","Food & Kindred Products","2000"
205,"Duke Energy Corporation","Electric & Other Services Combined","4931"
206,"Edison International","Electric Services","4911"
207,"Cummins, Inc.","Engines & Turbines","3510"
208,"Eaton Corporation","Misc Industrial & Commercial Machinery & Equipment","3590"
210,"FirstEnergy Corp.","Electric Services","4911"
211,"ConAgra Foods Inc","Food & Kindred Products","2000"
212,"Omnicom Group","Services-Advertising Agencies","7311"
213,"Schering-Plough","Pharmaceutical Preparations","2834"
215,"General Mills","Grain Mill Products","2040"
216,"Circuit City Stores","Retail-Radio Tv & Consumer Electronics Stores","5731"
219,"PPG Industries","Paints, Varnishes, Lacquers, Enamels & Allied Products","2851"
220,"Jabil Circuit","Printed Circuit Boards","3672"
221,"Marsh & McLennan","Insurance Agents Brokers & Services","6411"
222,"Devon Energy Corporation","Crude Petroleum & Natural Gas","1311"
223,"Smithfield Foods, Inc.","Meat Packing Plants","2011"
224,"Masco","Millwood, Veneer, Plywood & Structural Wood Members","2430"
225,"Dean Foods","Ice Cream & Frozen Desserts","2024"
226,"State Street Corporation","State Commercial Banks","6022"
227,"National City Corp","National Commercial Banks","6021"
228,"Kellogg Company","Grain Mill Products","2040"
229,"US Airways Group, Inc.","Air Transportation, Scheduled","4512"
230,"RR Donnelley & Sons","Commercial Printing","2750"
232,"Entergy Corporation","Electric Services","4911"
233,"Sempra Energy","Gas & Other Services Combined","4932"
234,"Genworth Financial","Life Insurance","6311"
235,"Visteon","Motor Vehicle Parts & Accessories","3714"
236,"DR Horton","Operative Builders","1531"
237,"Baxter International, Inc.","Surgical & Medical Instruments & Apparatus","3841"
238,"Reliant Energy","Electric Services","4911"
239,"Eastman Kodak","Photographic Equipment & Supplies","3861"
240,"Danaher","Industrial Instruments For Measurement, Display, And Control","3823"
241,"DISH Network","Cable & Other Pay Television Services","4841"
242,"Trane","Air Cond & Warm Air Heating Equip & Comm & Indl Refrig Equip","3585"
243,"Principal Financial Group, Inc.","Accident & Health Insurance","6321"
244,"Genuine Parts","Wholesale-Motor Vehicle Supplies & New Parts","5013"
246,"Regions Financial","National Commercial Banks","6021"
247,"Lincoln National Corporation","Life Insurance","6311"
248,"Parker Hannifin","Miscellaneous Fabricated Metal Products","3490"
249,"Progress Energy","Electric Services","4911"
250,"Huntsman Corporation","Chemicals & Allied Products","2800"
251,"BB&T Corporation","National Commercial Banks","6021"
252,"Unum Group","Accident & Health Insurance","6321"
253,"Baker Hughes Incorporated","Oil & Gas Filed Machinery & Equipment","3533"
255,"Integrys Energy Group","Electric & Other Services Combined","4931"
256,"Sanmina-SCI","Printed Circuit Boards","3672"
257,"Lennar","Gen Building Contractors - Residential Buildings","1520"
258,"Limited Brands","Retail-Women's Clothing Stores","5621"
259,"Air Products and Chemicals Inc","Industrial Inorganic Chemicals","2810"
261,"Xcel Energy Inc.","Electric & Other Services Combined","4931"
262,"CSX Corporation","Railroads, Line-Haul Operating","4011"
263,"Apache Corporation","Crude Petroleum & Natural Gas","1311"
264,"Aon","Accident & Health Insurance","6321"
265,"PNC Financial Services Group Inc.","National Commercial Banks","6021"
266,"Avon Products","Perfumes, Cosmetics & Other Toilet Preparations","2844"
268,"Southwest Airlines","Air Transportation, Scheduled","4512"
269,"National Oilwell Varco","Oil & Gas Filed Machinery & Equipment","3533"
270,"Thermo Fisher Scientific","Measuring & Controlling Devices, Nec","3829"
271,"Applied Materials","Semiconductors & Related Devices","3674"
272,"CenterPoint Energy","Electric Services","4911"
273,"YRC Worldwide Inc","Trucking (No Local)","4213"
274,"DTE Energy","Electric Services","4911"
277,"Norfolk Southern Corporation","Railroads, Line-Haul Operating","4011"
278,"Starbucks Corporation","Retail-Eating & Drinking Places","5810"
279,"Praxair","Industrial Inorganic Chemicals","2810"
280,"Pepco Holdings, Inc.","Electric & Other Services Combined","4931"
281,"Tenet Healthcare","Services-General Medical & Surgical Hospitals, Nec","8062"
282,"Automatic Data Processing, Inc.","Services-Computer Processing & Data Preparation","7374"
283,"Pulte Homes","Operative Builders","1531"
284,"Dana Holding","Motor Vehicle Parts & Accessories","3714"
285,"KBR, Inc.","Heavy Construction Other Than Building Const - Contractors","1600"
286,"ITT Corporation","Pumps & Pumping Equipment","3561"
287,"Sallie Mae","Personal Credit Institutions","6141"
288,"Terex","Industrial Trucks Tractors Trailers & Stackers","3537"
289,"OfficeMax","Wholesale-Paper And Paper Products","5110"
290,"SAIC","Services-Engineering, Accounting, Research, Management","8700"
291,"Reynolds American","Cigarettes","2111"
292,"BJ's Wholesale Club","Retail-Variety Stores","5331"
293,"Liberty Global, Inc.","Cable & Other Pay Television Services","4841"
294,"H. J. Heinz Company","Canned, Frozen & Preserved Fruit, Veg & Food Specialties","2030"
296,"Rohm & Haas","Plastics, Materials, Synth Resins & Nonvulcan Elastomers","2821"
297,"Ameriprise Financial","Investment Advice","6282"
298,"Qualcomm","Radio & Tv Broadcasting & Communications Equipment","3663"
299,"Sonic Automotive","Retail-Auto Dealers & Gasoline Stations","5500"
300,"Nordstrom","Retail-Family Clothing Stores","5651"
302,"ArvinMeritor","Motor Vehicle Parts & Accessories","3714"
303,"Smith International","Oil & Gas Filed Machinery & Equipment","3533"
304,"Commercial Metals","Steel Works, Blast Furnaces  Rolling Mills (Coke Ovens)","3312"
305,"Hertz Global Holdings","Services-Auto Rental & Leasing (No Drivers)","7510"
306,"Monsanto Company","Agriculture Chemicals","2870"
307,"CIT Group Inc.","Finance Lessors","6172"
308,"Fifth Third Bancorp","State Commercial Banks","6022"
310,"Assurant, Inc.","Accident & Health Insurance","6321"
311,"Boston Scientific Corp","Surgical & Medical Instruments & Apparatus","3841"
312,"Beam Inc.","Heating Equip, Except Elec & Warm Air & Plumbing Fixtures","3430"
315,"Owens-Illinois","Glass Containers","3221"
317,"Sherwin-Williams","Retail-Building Materials, Hardware, Garden Supply","5200"
321,"Campbell Soup","Food & Kindred Products","2000"
322,"KeyCorp","National Commercial Banks","6021"
323,"Ashland, Inc.","Wholesale-Chemicals & Allied Products","5160"
324,"MGM Mirage","Services-Miscellaneous Amusement & Recreation","7990"
325,"Chesapeake Energy","Crude Petroleum & Natural Gas","1311"
326,"Crown Holdings","Metal Cans","3411"
327,"eBay Inc.","Services-Business Services, Nec","7389"
328,"Pilgrim’s Pride Corporation","Poultry Slaughtering And Processing","2015"
329,"Mohawk Industries","Carpets And Rugs","2273"
330,"Ameren Corporation","Electric & Other Services Combined","4931"
331,"Community Health Systems","Services-General Medical & Surgical Hospitals, Nec","8062"
332,"Dover Corporation","Construction, Mining & Materials Handling Machinery & Equip","3530"
333,"Gannett","Newspapers:  Publishing Or Publishing & Printing","2711"
334,"CarMax","Retail-Auto Dealers & Gasoline Stations","5500"
335,"Smurfit-Stone Container Corporation","Paperboard Mills","2631"
336,"VF","Men's & Boys' Furnishings, Work Clothing, And Allied Garments","2320"
337,"Ball Corporation","Metal Cans","3411"
338,"Eastman Chemical","Plastics, Materials, Synth Resins & Nonvulcan Elastomers","2821"
339,"Dillard's","Retail-Department Stores","5311"
340,"Clear Channel Communications, Inc.","Radio Broadcasting Stations","4832"
341,"KB Home","Operative Builders","1531"
342,"CH Robinson Worldwide","Arrangement Of Transportation Of Freight & Cargo","4731"
343,"Western Refining","Petroleum Refining","2911"
344,"Enbridge Energy Partners","Pipe Lines (No Natural Gas)","4610"
346,"Reliance Steel & Aluminum Co.","Wholesale-Metals Service Centers & Offices","5051"
347,"PPL","Electric Services","4911"
348,"Winn-Dixie Stores","Retail-Grocery Stores","5411"
349,"GameStop","Retail-Computer & Computer Software Stores","5734"
350,"Estee Lauder","Perfumes, Cosmetics & Other Toilet Preparations","2844"
351,"Synnex","Services-Computer Integrated Systems Design","7373"
352,"AK Steel Holding","Steel Works, Blast Furnaces  Rolling Mills (Coke Ovens)","3312"
354,"Yahoo! Inc.","Services-Computer Integrated Systems Design","7373"
356,"Federal-Mogul","Motor Vehicle Parts & Accessories","3714"
357,"MeadWestvaco","Paper Mills","2621"
358,"Great Atlantic & Pacific Tea","Retail-Grocery Stores","5411"
359,"Family Dollar Stores","Retail-Variety Stores","5331"
360,"AGCO CORPORATION","Farm Machinery & Equipment","3523"
361,"Owens & Minor","Wholesale-Medical, Dental & Hospital Equipment & Supplies","5047"
362,"Energy Transfer Equity, L.P.","Natural Gas Transmission","4922"
364,"Autoliv","Motor Vehicle Parts & Accessories","3714"
365,"Global Partners","Wholesale-Petroleum Bulk Stations & Terminals","5171"
369,"Bed Bath & Beyond Inc.","Retail-Home Furniture, Furnishings & Equipment Stores","5700"
370,"Whole Foods Market","Retail-Grocery Stores","5411"
371,"InterActiveCorp","Retail-Retail Stores, Nec","5990"
372,"Ryder System","Services-Auto Rental & Leasing (No Drivers)","7510"
373,"Black & Decker","Metalworking Machinery & Equipment","3540"
374,"The Interpublic Group of Companies, Inc.","Services-Advertising Agencies","7311"
375,"Cablevision Systems","Cable & Other Pay Television Services","4841"
376,"Goodrich Corporation","Guided Missiles & Space Vehicles & Parts","3760"
378,"WW Grainger","Wholesale-Durable Goods","5000"
379,"Newell Rubbermaid","Plastics Products, Nec","3089"
380,"Group 1 Automotive, Inc","Retail-Auto Dealers & Gasoline Stations","5500"
381,"Becton Dickinson","Surgical & Medical Instruments & Apparatus","3841"
383,"Avery Dennison","Converted Paper & Paperboard Prods (No Containers/Boxes)","2670"
384,"Oshkosh Corporation","Motor Vehicles & Passenger Car Bodies","3711"
385,"Performance Food Group","Wholesale-Groceries & General Line","5141"
387,"Omnicare","Retail-Drug Stores And Proprietary Stores","5912"
388,"ProLogis","Real Estate Investment Trusts","6798"
389,"Safeco","Fire, Marine & Casualty Insurance","6331"
391,"Hormel Foods","Meat Packing Plants","2011"
392,"NCR","Calculating & Accounting Machines (No Electronic Computers)","3578"
393,"Molson Coors Brewing Company","Malt Beverages","2082"
394,"Tenneco Inc.","Motor Vehicle Parts & Accessories","3714"
395,"AutoZone","Retail-Auto & Home Supply Stores","5531"
397,"Starwood Hotels & Resorts Worldwide, Inc","Hotels & Motels","7011"
398,"Harley-Davidson","Motorcycles, Bicycles & Parts","3751"
400,"Pitney-Bowes, Inc.","Office Machines, Nec","3579"
401,"Allied Waste Industries","Refuse Systems","4953"
402,"Stryker Corporation","Surgical & Medical Instruments & Apparatus","3841"
403,"The Charles Schwab Corporation","Security Brokers, Dealers & Flotation Companies","6211"
404,"NRG Energy","Electric Services","4911"
405,"CB Richard Ellis Group, Inc.","Real Estate","6500"
406,"Pantry","Retail-Auto Dealers & Gasoline Stations","5500"
407,"Advanced Micro Devices","Semiconductors & Related Devices","3674"
408,"Emcor Group","Electrical Work","1731"
409,"Wesco International","Wholesale-Electrical Apparatus & Equipment, Wiring Supplies","5063"
410,"Charter Communications","Cable & Other Pay Television Services","4841"
411,"Henry Schein","Wholesale-Medical, Dental & Hospital Equipment & Supplies","5047"
412,"Avis Budget Group","Services-Auto Rental & Leasing (No Drivers)","7510"
413,"Ross Stores","Retail-Family Clothing Stores","5651"
414,"Mattel, Inc.","Dolls & Stuffed Toys","3942"
416,"Darden Restaurants","Retail-Eating Places","5812"
417,"Atmos Energy","Natural Gas Distribution","4924"
418,"Corning Incorporated","Drawing And Insulating Nonferrous Wire","3357"
419,"Anixter International","Wholesale-Electrical Apparatus & Equipment, Wiring Supplies","5063"
420,"Northeast Utilities","Electric Services","4911"
422,"Asbury Automotive Group, Inc.","Retail-Auto Dealers & Gasoline Stations","5500"
423,"Mosaic","Agriculture Chemicals","2870"
424,"Affiliated Computer Services","Services-Computer Processing & Data Preparation","7374"
425,"Brunswick Corporation","Engines & Turbines","3510"
426,"Marshall & Ilsley Corp","National Commercial Banks","6021"
427,"The Shaw Group Inc","Miscellaneous Fabricated Metal Products","3490"
428,"Micron Technology","Semiconductors & Related Devices","3674"
429,"Kelly Services","Services-Help Supply Services","7363"
430,"Unisys","Services-Computer Integrated Systems Design","7373"
431,"Newmont Mining Corporation","Gold & Silver Ores","1040"
432,"Owens Corning","Abrasive Asbestos & Misc Nonmetallic Mineral Products","3290"
433,"Peabody Energy","Bituminous Coal & Lignite Surface Mining","1221"
434,"WR Berkley","Fire, Marine & Casualty Insurance","6331"
435,"Blockbuster","Services-Video Tape Rental","7841"
436,"Fidelity National Financial, Inc.","Title Insurance","6361"
437,"XTO Energy Inc.","Crude Petroleum & Natural Gas","1311"
438,"UGI Corporation","Gas & Other Services Combined","4932"
439,"Ecolab Inc.","Soap, Detergent, Cleaning Preparations, Perfumes, Cosmetics","2840"
440,"Western Digital Corporation","Computer Storage Devices","3572"
441,"Host Hotels & Resorts","Real Estate Investment Trusts","6798"
442,"Allegheny Technologies","Steel Pipe & Tubes","3317"
443,"Foot Locker","Retail-Shoe Stores","5661"
444,"Agilent Technologies Inc.","Instruments For Meas & Testing Of Electricity & Elec Signals","3825"
445,"Amazoncom","Retail-Catalog & Mail-Order Houses","5961"
446,"Precision Castparts","Iron & Steel Foundries","3320"
448,"Barnes & Noble","Retail-Miscellaneous Shopping Goods Stores","5940"
449,"Northern Trust Corporation","State Commercial Banks","6022"
450,"Wm. Wrigley Jr. Company","Sugar & Confectionery Products","2060"
451,"URS Corporation","Services-Engineering Services","8711"
452,"Rockwell Automation","Measuring & Controlling Devices, Nec","3829"
453,"BorgWarner","Motor Vehicle Parts & Accessories","3714"
455,"Longs Drug Stores","Retail-Drug Stores And Proprietary Stores","5912"
456,"DaVita","Services-Misc Health & Allied Services, Nec","8090"
458,"Leggett & Platt Inc","Household Furniture","2510"
459,"Timken","Ball & Roller Bearings","3562"
460,"Expeditors International of Washington","Arrangement Of Transportation Of Freight & Cargo","4731"
461,"Constellation Brands, Inc.","Beverages","2080"
462,"USG","Concrete Gypsum  Plaster Products","3270"
463,"Symantec","Services-Prepackaged Software","7372"
464,"Frontier Oil Corporation","Petroleum Refining","2911"
465,"Energy East","Electric Services","4911"
466,"NVR","Operative Builders","1531"
468,"SPX","Metalworking Machinery & Equipment","3540"
470,"Fiserv, Inc.","Services-Computer Processing & Data Preparation","7374"
471,"Sovereign Bancorp","Savings Institution, Federally Chartered","6035"
472,"Lexmark International","Computer & Office Equipment","3570"
473,"Hershey","Sugar & Confectionery Products","2060"
475,"The Western Union Company","Services-Business Services, Nec","7389"
476,"The Clorox Company","Specialty Cleaning, Polishing And Sanitation Preparations","2842"
478,"Advance Auto Parts","Retail-Auto & Home Supply Stores","5531"
479,"Insight Enterprises","Retail-Catalog & Mail-Order Houses","5961"
480,"Telephone & Data Systems","Telephone Communications (No Radio Telephone)","4813"
481,"Liz Claiborne","Women's, Misses', And Juniors Outerwear","2330"
483,"Fidelity National Information Services Inc.","Services-Business Services, Nec","7389"
484,"BJ Services","Oil, Gas Field Services, Nbc","1389"
485,"Hovnanian Enterprises","Operative Builders","1531"
486,"HollyFrontier Corporation","Petroleum Refining","2911"
487,"Universal Health Services","Services-General Medical & Surgical Hospitals, Nec","8062"
489,"Spectra Energy Corp.","Natural Gas Transmission & Distribution","4923"
491,"PetSmart","Retail-Retail Stores, Nec","5990"
492,"Cameron International","Oil & Gas Filed Machinery & Equipment","3533"
493,"Chiquita Brands International, Inc.","Agriculture Production - Crops","0100"
494,"Jarden Corporation","Wholesale-Miscellaneous Nondurable Goods","5190"
495,"Big Lots","Retail-Variety Stores","5331"
496,"Sealed Air","Converted Paper & Paperboard Prods (No Containers/Boxes)","2670"
497,"Toll Brothers","Operative Builders","1531"
498,"United Stationers","Wholesale-Paper And Paper Products","5110"
499,"Robert Half International","Services-Help Supply Services","7363"
500,"FMC Technologies, Inc.","Oil & Gas Filed Machinery & Equipment","3533"
502,"Scana","Electric & Other Services Combined","4931"
503,"Comerica","National Commercial Banks","6021"
504,"General Cable","Drawing And Insulating Nonferrous Wire","3357"
505,"Conseco","Accident & Health Insurance","6321"
506,"Nash-Finch Company","Wholesale-Groceries & Related Products","5140"
507,"Lubrizol","Industrial Organic Chemicals","2860"
508,"Stanley Works","Cutlery, Handtools & General Hardware","3420"
509,"Health Management Associates","Services-General Medical & Surgical Hospitals, Nec","8062"
510,"PepsiAmericas","Bottled & Canned Soft Drinks Carbonated Waters","2086"
511,"M&T Bank Corporation","State Commercial Banks","6022"
513,"Synovus Financial Corp","National Commercial Banks","6021"
514,"International Assets Holding","Security Brokers, Dealers & Flotation Companies","6211"
517,"American Financial Group","Fire, Marine & Casualty Insurance","6331"
518,"Con-way","Trucking (No Local)","4213"
519,"Steel Dynamics","Steel Works, Blast Furnaces  Rolling Mills (Coke Ovens)","3312"
520,"Kindred Healthcare","Services-Nursing & Personal Care Facilities","8050"
521,"Brinker International","Retail-Eating Places","5812"
523,"MDU Resources Group","Mining, Quarrying Of Nonmetallic Minerals (No Fuels)","1400"
525,"Wyndham Worldwide Corporation","Hotels & Motels","7011"
526,"Legg Mason, Inc.","Investment Advice","6282"
528,"Jones Apparel Group","Women's, Misses', And Juniors Outerwear","2330"
529,"Brightpoint","Wholesale-Electronic Parts & Equipment, Nec","5065"
530,"Polo Ralph Lauren","Men's & Boys' Furnishings, Work Clothing, And Allied Garments","2320"
531,"Level 3 Communications, Inc.","Telephone Communications (No Radio Telephone)","4813"
532,"Cincinnati Financial","Fire, Marine & Casualty Insurance","6331"
533,"RadioShack","Retail-Radio Tv & Consumer Electronics Stores","5731"
534,"Harris Corporation","Search, Detection, Navigation, Guidance, Aeronautical Sys","3812"
535,"Dollar Tree","Retail-Variety Stores","5331"
537,"AECOM","Services-Engineering Services","8711"
538,"Gilead Sciences, Inc","Biological Products (No Diagnostic Substances)","2836"
539,"Core-Mark Holding","Wholesale-Groceries & General Line","5141"
540,"EOG Resources","Crude Petroleum & Natural Gas","1311"
542,"Graham Holdings Company","Services-Educational Services","8200"
543,"Ikon Office Solutions","Wholesale-Computer & Peripheral Equipment & Software","5045"
544,"NYSE Euronext","Security & Commodity Brokers, Dealers, Exchanges & Services","6200"
545,"Nvidia","Semiconductors & Related Devices","3674"
546,"H&R Block","Services-Personal Services","7200"
547,"Old Republic International","Surety Insurance","6351"
548,"Harsco","Fabricated Structural Metal Products","3440"
549,"Laboratory Corp of America","Services-Medical Laboratories","8071"
550,"MasterCard Incorporated","Services-Business Services, Nec","7389"
551,"Borders Group, Inc.","Retail-Miscellaneous Shopping Goods Stores","5940"
552,"Sonoco Products","Paperboard Containers & Boxes","2650"
553,"Manitowoc","Construction Machinery & Equip","3531"
555,"CA","Services-Prepackaged Software","7372"
556,"Allergan","Pharmaceutical Preparations","2834"
557,"AMERIGROUP Corporation","Hospital & Medical Service Plans","6324"
558,"Williams-Sonoma","Retail-Home Furniture, Furnishings & Equipment Stores","5700"
559,"Chemtura Corporation","Plastic Material, Synth Resin/Rubber, Cellulos (No Glass)","2820"
560,"Temple-Inland","Paperboard Mills","2631"
561,"Nalco Holding Company","Miscellaneous Chemical Products","2890"
562,"Zimmer Holdings","Orthopedic, Prosthetic & Surgical Appliances & Supplies","3842"
563,"SanDisk","Computer Storage Devices","3572"
564,"Dick's Sporting Goods","Retail-Miscellaneous Shopping Goods Stores","5940"
565,"AbitibiBowater","Paper Mills","2621"
567,"Crosstex Energy","Wholesale-Petroleum & Petroleum Products (No Bulk Stations)","5172"
569,"Hasbro","Games, Toys & Children's Vehicles (No Dolls & Bicycles)","3944"
570,"BlueLinx Holdings","Wholesale-Lumber, Plywood, Millwork & Wood Panels","5031"
571,"Trinity Industries, Inc.","Railroad Equipment","3743"
575,"OGE Energy","Electric Services","4911"
576,"St Jude Medical","Electromedical & Electrotherapeutic Apparatus","3845"
577,"Broadcom","Semiconductors & Related Devices","3674"
578,"Flowserve","Pumps & Pumping Equipment","3561"
579,"Consol Energy","Bituminous Coal & Lignite Surface Mining","1221"
580,"Abercrombie & Fitch","Retail-Family Clothing Stores","5651"
581,"Lennox International","Air Cond & Warm Air Heating Equip & Comm & Indl Refrig Equip","3585"
582,"United Rentals","Services-Equipment Rental & Leasing, Nec","7359"
583,"Cintas","Men's & Boys' Furnishings, Work Clothing, And Allied Garments","2320"
584,"LandAmerica Financial Group","Title Insurance","6361"
587,"Simon Property Group","Real Estate Investment Trusts","6798"
588,"Bemis","Converted Paper & Paperboard Prods (No Containers/Boxes)","2670"
589,"Amazoncom","Retail-Catalog & Mail-Order Houses","5961"
590,"Ruddick Corporation","Retail-Grocery Stores","5411"
591,"Casey's General Stores","Retail-Auto Dealers & Gasoline Stations","5500"
594,"NACCO Industries","Industrial Trucks Tractors Trailers & Stackers","3537"
595,"Sierra Pacific Resources","Electric & Other Services Combined","4931"
596,"Solutia","Chemicals & Allied Products","2800"
597,"Alliant Techsystems Inc.","Guided Missiles & Space Vehicles & Parts","3760"
598,"Harman International Industries, Incorporated","Household Audio & Video Equipment","3651"
599,"TECO Energy","Electric Services","4911"
600,"Pinnacle West Capital","Electric Services","4911"
602,"Alaska Air Group","Air Transportation, Scheduled","4512"
603,"Cytec Industries Inc.","Miscellaneous Chemical Products","2890"
604,"JB Hunt Transport Services","Trucking (No Local)","4213"
605,"Torchmark Corporation","Life Insurance","6311"
606,"Bon-Ton Stores","Retail-Department Stores","5311"
607,"BearingPoint, Inc.","Services-Management Consulting Services","8742"
608,"Forest Laboratories","Pharmaceutical Preparations","2834"
610,"Alliant Energy","Electric & Other Services Combined","4931"
611,"Hospira","Pharmaceutical Preparations","2834"
613,"Huntington Bancshares","National Commercial Banks","6021"
614,"Del Monte Foods Company","Canned, Fruits, Veg & Preserves, Jams & Jellies","2033"
616,"Pentair","Special Industry Machinery (No Metalworking Machinery)","3550"
617,"Ingredion Incorporated","Grain Mill Products","2040"
618,"Warner Music Group","Services-Amusement & Recreation Services","7900"
619,"SkyWest","Air Transportation, Scheduled","4512"
620,"Energizer Holdings","Miscellaneous Electrical Machinery, Equipment & Supplies","3690"
621,"Rockwood Holdings, Inc.","Chemicals & Allied Products","2800"
622,"RPM International","Paints, Varnishes, Lacquers, Enamels & Allied Products","2851"
623,"Vulcan Materials","Mining, Quarrying Of Nonmetallic Minerals (No Fuels)","1400"
624,"Greif","Paperboard Containers & Boxes","2650"
625,"Lithia Motors","Retail-Auto Dealers & Gasoline Stations","5500"
626,"Allegheny Energy, Inc.","Electric Services","4911"
627,"NII HOLDINGS, INC.","Radio Telephone Communications","4812"
628,"Saks","Retail-Department Stores","5311"
629,"Vornado Realty Trust","Real Estate Investment Trusts","6798"
630,"Noble Energy, Inc.","Crude Petroleum & Natural Gas","1311"
631,"Great Plains Energy","Electric Services","4911"
632,"Molex","Electronic Connectors","3678"
634,"NSTAR","Electric Services","4911"
635,"Windstream Corporation","Telephone Communications (No Radio Telephone)","4813"
636,"Pactiv","Plastics, Foil & Coated Paper Bags","2673"
637,"Valspar","Paints, Varnishes, Lacquers, Enamels & Allied Products","2851"
638,"American Axle & Manufacturing","Motor Vehicle Parts & Accessories","3714"
639,"Brink's","Arrangement Of Transportation Of Freight & Cargo","4731"
640,"The New York Times Company","Newspapers:  Publishing Or Publishing & Printing","2711"
641,"Puget Energy","Electric Services","4911"
642,"Seaboard Corporation","Meat Packing Plants","2011"
643,"Airgas","Wholesale-Industrial Machinery & Equipment","5084"
644,"Westlake Chemical","Industrial Organic Chemicals","2860"
646,"Commerce Bancorp","National Commercial Banks","6021"
647,"Mercury General","Fire, Marine & Casualty Insurance","6331"
648,"Georgia Gulf Corporation","Industrial Inorganic Chemicals","2810"
649,"Nicor","Natural Gas Distribution","4924"
650,"Republic Services","Refuse Systems","4953"
651,"Biogen Idec","Biological Products (No Diagnostic Substances)","2836"
652,"Olin","Chemicals & Allied Products","2800"
653,"First Horizon National Corp","National Commercial Banks","6021"
654,"Adobe Systems","Services-Prepackaged Software","7372"
659,"Unitrin","Fire, Marine & Casualty Insurance","6331"
660,"W R GRACE & CO","Chemicals & Allied Products","2800"
661,"Raymond James Financial","Security Brokers, Dealers & Flotation Companies","6211"
662,"Steelcase","Office Furniture (No Wood)","2522"
663,"Electronic Arts","Services-Prepackaged Software","7372"
664,"Standard Pacific Corp.","Operative Builders","1531"
666,"American Eagle Outfitters, Inc.","Retail-Family Clothing Stores","5651"
668,"Protective Life Corp.","Life Insurance","6311"
669,"The Blackstone Group L.P.","Investment Advice","6282"
670,"Retail Ventures, Inc.","Retail-Variety Stores","5331"
671,"Collective Brands","Retail-Shoe Stores","5661"
673,"Ryland Group","Operative Builders","1531"
674,"New Jersey Resources","Natural Gas Distribution","4924"
675,"Charming Shoppes","Retail-Women's Clothing Stores","5621"
677,"Cooper Tire & Rubber","Tires And Inner Tubes","3011"
678,"Superior Essex","Nonferrous Foundries (Castings)","3360"
679,"Tiffany","Retail-Jewelry Stores","5944"
680,"Hewitt Associates","Services-Management Consulting Services","8742"
681,"Icahn Enterprises L.P.","Investors, Nec","6799"
682,"Worthington Industries","Steel Works, Blast Furnaces & Rolling & Finishing Mills","3310"
683,"CVR Energy, Inc.","Petroleum Refining","2911"
684,"Las Vegas Sands Corp.","Hotels & Motels","7011"
685,"Exide Technologies","Miscellaneous Electrical Machinery, Equipment & Supplies","3690"
686,"Universal","Wholesale-Farm Product Raw Materials","5150"
687,"MDC Holdings","Operative Builders","1531"
688,"Centene","Hospital & Medical Service Plans","6324"
692,"McCormick & Company, Incorporated","Miscellaneous Food Preparations & Kindred Products","2090"
693,"Benchmark Electronics","Printed Circuit Boards","3672"
694,"Snap-On","Cutlery, Handtools & General Hardware","3420"
695,"Rent A Center","Services-Equipment Rental & Leasing, Nec","7359"
696,"Carlisle Companies Inc. (U.S.A.)","Fabricated Rubber Products, Nec","3060"
697,"Jack in the Box","Retail-Eating Places","5812"
698,"Vishay Intertechnology, Inc.","Electronic Components & Accessories","3670"
699,"Scotts Miracle-Gro","Agriculture Chemicals","2870"
700,"Teleflex","Surgical & Medical Instruments & Apparatus","3841"
701,"Thor Industries","Motor Homes","3716"
702,"UAP Holding","Agriculture Chemicals","2870"
704,"Ingles Markets","Retail-Grocery Stores","5411"
705,"Amphenol","Electronic Connectors","3678"
706,"Convergys","Services-Computer Integrated Systems Design","7373"
707,"ABM Industries","Services-To Dwellings & Other Buildings","7340"
708,"JetBlue Airways Corporation","Air Transportation, Scheduled","4512"
709,"Juniper Networks","Computer Communications Equipment","3576"
710,"DRS Technologies","Search, Detection, Navigation, Guidance, Aeronautical Sys","3812"
711,"Mirant","Electric Services","4911"
712,"NetApp","Computer Storage Devices","3572"
713,"Patterson Companies, Inc.","Wholesale-Medical, Dental & Hospital Equipment & Supplies","5047"
715,"Hanover Insurance Group","Fire, Marine & Casualty Insurance","6331"
716,"Systemax","Retail-Catalog & Mail-Order Houses","5961"
717,"Beckman Coulter","Laboratory Analytical Instruments","3826"
718,"Pride International","Drilling Oil & Gas Wells","1381"
719,"CF Industries Holdings","Agriculture Chemicals","2870"
720,"United Natural Foods","Wholesale-Groceries & General Line","5141"
721,"Analog Devices","Semiconductors & Related Devices","3674"
722,"Amkor Technology","Semiconductors & Related Devices","3674"
723,"Granite Construction","Heavy Construction Other Than Building Const - Contractors","1600"
724,"Kla-Tencor","Optical Instruments & Lenses","3827"
725,"Iron Mountain Incorporated","Public Warehousing & Storage","4220"
726,"Questar","Crude Petroleum & Natural Gas","1311"
727,"Intuit","Services-Prepackaged Software","7372"
728,"Apollo Group, Inc.","Services-Educational Services","8200"
729,"Jefferies Group LLC","Security Brokers, Dealers & Flotation Companies","6211"
730,"StanCorp Financial","Accident & Health Insurance","6321"
731,"Tractor Supply","Retail-Building Materials, Hardware, Garden Supply","5200"
732,"Mueller Industries","Rolling Drawing & Extruding Of Nonferrous Metals","3350"
733,"LifePoint Hospitals","Services-General Medical & Surgical Hospitals, Nec","8062"
734,"Wynn Resorts","Services-Miscellaneous Amusement & Recreation","7990"
735,"RH Donnelley","Services-Advertising","7310"
736,"Coach, Inc.","Leather & Leather Products","3100"
738,"Quanta Services","Electrical Work","1731"
739,"Mylan","Pharmaceutical Preparations","2834"
740,"Expedia","Transportation Services","4700"
741,"Regal Entertainment Group","Services-Motion Picture Theaters","7830"
742,"CenturyLink, Inc.","Telephone Communications (No Radio Telephone)","4813"
744,"Jones Lang LaSalle","Real Estate Agents & Managers (For Others)","6531"
745,"WGL Holdings","Natural Gas Distribution","4924"
746,"PolyOne","Plastics, Materials, Synth Resins & Nonvulcan Elastomers","2821"
747,"Adams Resources & Energy","Wholesale-Petroleum & Petroleum Products (No Bulk Stations)","5172"
748,"FMC Corporation","Chemicals & Allied Products","2800"
749,"TD Ameritrade Holding Corporation","Security Brokers, Dealers & Flotation Companies","6211"
750,"Regis Corporation","Services-Personal Services","7200"
751,"International Game Technology","Miscellaneous Manufacturing Industries","3990"
752,"Crane Co.","Miscellaneous Fabricated Metal Products","3490"
753,"Southern Union Company","Natural Gas Transmission","4922"
754,"Cabot Corporation","Miscellaneous Chemical Products","2890"
755,"Perot Systems","Services-Computer Processing & Data Preparation","7374"
756,"LSI","Semiconductors & Related Devices","3674"
757,"Quiksilver","Men's & Boys' Furnishings, Work Clothing, And Allied Garments","2320"
759,"The Phoenix Companies, Inc","Life Insurance","6311"
760,"Schnitzer Steel Industries","Wholesale-Misc Durable Goods","5090"
761,"HNI","Office Furniture (No Wood)","2522"
762,"Lam Research","Special Industry Machinery, Nec","3559"
763,"Barr Pharmaceuticals","Pharmaceutical Preparations","2834"
764,"Joy Global","Mining Machinery & Equip (No Oil & Gas Field Mach & Equip)","3532"
766,"Susser Holdings","Retail-Convenience Stores","5412"
767,"Hawaiian Electric Industries, Inc.","Electric Services","4911"
768,"HUBBELL INCORPORATED","Electric Lighting & Wiring Equipment","3640"
769,"Acuity Brands","Wholesale-Chemicals & Allied Products","5160"
770,"O'Reilly Automotive","Retail-Auto & Home Supply Stores","5531"
771,"EW Scripps","Newspapers:  Publishing Or Publishing & Printing","2711"
773,"Universal Forest Products","Sawmills, Planning Mills, General","2421"
775,"Cracker Barrel Old Country Store, Inc.","Retail-Eating Places","5812"
776,"Graphic Packaging International, Inc.","Paperboard Mills","2631"
777,"Spansion","Semiconductors & Related Devices","3674"
778,"Watson Pharmaceuticals","Pharmaceutical Preparations","2834"
779,"AGL Resources","Natural Gas Distribution","4924"
781,"Molina Healthcare","Hospital & Medical Service Plans","6324"
782,"Landstar System, Inc.","Trucking (No Local)","4213"
783,"Markel","Fire, Marine & Casualty Insurance","6331"
784,"Wendy's International","Retail-Eating & Drinking Places","5810"
785,"UTStarcom","Communications Equipment, Nec","3669"
787,"Zale","Retail-Jewelry Stores","5944"
788,"Penn National Gaming","Services-Miscellaneous Amusement & Recreation","7990"
789,"The NASDAQ OMX Group, Inc","Security & Commodity Brokers, Dealers, Exchanges & Services","6200"
790,"Phillips-Van Heusen","Men's & Boys' Furnishings, Work Clothing, And Allied Garments","2320"
791,"PNM Resources","Electric Services","4911"
792,"Annaly Capital Management","Real Estate Investment Trusts","6798"
793,"Arch Coal","Bituminous Coal & Lignite Surface Mining","1221"
794,"Massey Energy","Bituminous Coal & Lignite Surface Mining","1221"
795,"Kennametal","Machine Tools, Metal Cutting Types","3541"
796,"AnnTaylor Stores","Retail-Women's Clothing Stores","5621"
797,"HCC Insurance Holdings","Fire, Marine & Casualty Insurance","6331"
798,"Andersons","Wholesale-Farm Product Raw Materials","5150"
799,"HealthSouth","Services-Specialty Outpatient Facilities, Nec","8093"
800,"Spartan Stores Inc.","Wholesale-Groceries & General Line","5141"
801,"Terra Industries","Agriculture Chemicals","2870"
802,"Brown Shoe","Footwear, (No Rubber)","3140"
804,"Volt Information Sciences","Services-Help Supply Services","7363"
805,"Cabela's Corporation","Retail-Miscellaneous Shopping Goods Stores","5940"
806,"Meritage Homes","Operative Builders","1531"
809,"Albemarle","Plastics, Materials, Synth Resins & Nonvulcan Elastomers","2821"
811,"Service Corp International","Services-Personal Services","7200"
812,"Weis Markets","Retail-Grocery Stores","5411"
813,"Packaging Corp of America","Paperboard Containers & Boxes","2650"
814,"Rock-Tenn","Paperboard Containers & Boxes","2650"
816,"The McClatchy Company","Newspapers:  Publishing Or Publishing & Printing","2711"
817,"AO Smith","Motors & Generators","3621"
818,"Airtran Holdings","Air Transportation, Scheduled","4512"
820,"Alliance Data Systems","Services-Business Services, Nec","7389"
821,"Citizens Communications","Telephone Communications (No Radio Telephone)","4813"
822,"Vectren","Gas & Other Services Combined","4932"
823,"Lincoln Electric Holdings","Metalworking Machinery & Equipment","3540"
824,"International Flavors & Fragrances","Industrial Organic Chemicals","2860"
825,"Cliffs Natural Resources Inc.","Metal Mining","1000"
826,"Brown-Forman","Beverages","2080"
827,"Moody's","Services-Consumer Credit Reporting, Collection Agencies","7320"
829,"Pall","General Industrial Machinery & Equipment, Nec","3569"
830,"Valassis Communications","Services-Advertising","7310"
831,"MetroPCS Communications","Radio Telephone Communications","4812"
832,"Burger King Holdings Inc.","Retail-Eating Places","5812"
833,"Ralcorp Holdings","Grain Mill Products","2040"
834,"T. Rowe Price Group, Inc.","Security & Commodity Brokers, Dealers, Exchanges & Services","6200"
835,"Metal Management","Wholesale-Misc Durable Goods","5090"
836,"E*TRADE Financial Corporation","Savings Institution, Federally Chartered","6035"
837,"Church & Dwight","Soap, Detergent, Cleaning Preparations, Perfumes, Cosmetics","2840"
838,"Martin Marietta Materials","Mining, Quarrying Of Nonmetallic Minerals (No Fuels)","1400"
839,"Ferro","Paints, Varnishes, Lacquers, Enamels & Allied Products","2851"
840,"CR Bard","Surgical & Medical Instruments & Apparatus","3841"
843,"IMS Health","Services-Computer Processing & Data Preparation","7374"
844,"Scholastic","Books: Publishing Or Publishing And Printing","2731"
845,"Autodesk","Services-Prepackaged Software","7372"
846,"MPS Group Inc","Services-Help Supply Services","7363"
847,"Thomas & Betts","Electric Lighting & Wiring Equipment","3640"
849,"Pep Boys-Manny Moe & Jack","Retail-Auto & Home Supply Stores","5531"
850,"Children's Place Retail Stores","Retail-Family Clothing Stores","5651"
851,"Briggs & Stratton Corp","Engines & Turbines","3510"
852,"Magellan Health Services","Services-Hospitals","8060"
853,"Nelnet","Short-Term Business Credit Institutions","6153"
854,"Southwest Gas","Natural Gas Transmission & Distribution","4923"
855,"THE J. M. SMUCKER COMPANY","Canned, Fruits, Veg & Preserves, Jams & Jellies","2033"
856,"Equity Residential","Real Estate Investment Trusts","6798"
857,"Furniture Brands International","Household Furniture","2510"
858,"Ensco plc","Drilling Oil & Gas Wells","1381"
859,"Ametek","Motors & Generators","3621"
860,"King Pharmaceuticals","Pharmaceutical Preparations","2834"
861,"Hercules","Miscellaneous Chemical Products","2890"
862,"Cognizant Technology Solutions","Services-Computer Programming Services","7371"
863,"Hudson City Bancorp","Savings Institutions, Not Federally Chartered","6036"
864,"Applera","Laboratory Analytical Instruments","3826"
866,"Grant Prideco","Oil & Gas Filed Machinery & Equipment","3533"
867,"Patterson-UTI Energy, Inc.","Drilling Oil & Gas Wells","1381"
868,"Men's Wearhouse","Retail-Apparel & Accessory Stores","5600"
870,"Stewart Information Services","Title Insurance","6361"
871,"Roper Industries","Industrial Instruments For Measurement, Display, And Control","3823"
873,"Rowan Companies, Inc.","Drilling Oil & Gas Wells","1381"
874,"National Fuel Gas","Natural Gas Distribution","4924"
875,"Oil States International, Inc.","Oil & Gas Filed Machinery & Equipment","3533"
876,"Amerco","Services-Auto Rental & Leasing (No Drivers)","7510"
877,"DynCorp International","Services-Business Services, Nec","7389"
878,"Pioneer Natural Resources Company","Crude Petroleum & Natural Gas","1311"
879,"Werner Enterprises","Trucking (No Local)","4213"
880,"Imation","Magnetic & Optical Recording Media","3695"
881,"Fastenal Company","Retail-Building Materials, Hardware, Garden Supply","5200"
882,"Hayes Lemmerz","Motor Vehicle Parts & Accessories","3714"
883,"Quanex","Rolling Drawing & Extruding Of Nonferrous Metals","3350"
884,"Cenveo","Converted Paper & Paperboard Prods (No Containers/Boxes)","2670"
885,"Sigma-Aldrich","Wholesale-Chemicals & Allied Products","5160"
886,"Flowers Foods","Food & Kindred Products","2000"
887,"Belden","Drawing And Insulating Nonferrous Wire","3357"
888,"Source Interlink Companies Inc.","Services-Direct Mail Advertising Services","7331"
889,"Rush Enterprises","Retail-Auto Dealers & Gasoline Stations","5500"
890,"IDT Corporation","Telephone Communications (No Radio Telephone)","4813"
891,"Warnaco Group","Women's, Misses', Children's & Infants' Undergarments","2340"
892,"Hill-Rom Holdings","Surgical & Medical Instruments & Apparatus","3841"
893,"Interactive Brokers Group","Security Brokers, Dealers & Flotation Companies","6211"
894,"Spherion","Services-Help Supply Services","7363"
895,"The Laclede Group, Inc.","Natural Gas Distribution","4924"
897,"NBTY","Pharmaceutical Preparations","2834"
898,"Applied Industrial Technologies","Wholesale-Machinery, Equipment & Supplies","5080"
899,"Dentsply International","Dental Equipment & Supplies","3843"
900,"Fleetwood Enterprises","Motor Homes","3716"
901,"Boyd Gaming Corporation","Services-Miscellaneous Amusement & Recreation","7990"
902,"Alliance One International","Wholesale-Farm Product Raw Materials","5150"
903,"Ferrellgas Partners, L.P.","Retail-Miscellaneous Retail","5900"
904,"ScanSource","Wholesale-Computer & Peripheral Equipment & Software","5045"
905,"Commerce Group","Fire, Marine & Casualty Insurance","6331"
906,"Tupperware Brands","Plastics Products, Nec","3089"
907,"Sauer-Danfoss","Misc Industrial & Commercial Machinery & Equipment","3590"
908,"Pacer International","Arrangement Of Transportation Of Freight & Cargo","4731"
909,"Carpenter Technology","Steel Works, Blast Furnaces  Rolling Mills (Coke Ovens)","3312"
910,"ACCO Brands","Blankbooks, Looseleaf Binders & Bookbinding & Related Work","2780"
911,"CACI International Inc","Services-Computer Integrated Systems Design","7373"
912,"CommScope","Radio & Tv Broadcasting & Communications Equipment","3663"
913,"National Semiconductor Corporation","Semiconductors & Related Devices","3674"
914,"Pool","Wholesale-Misc Durable Goods","5090"
915,"USEC","Mining, Quarrying Of Nonmetallic Minerals (No Fuels)","1400"
916,"MEMC Electronic Materials","Semiconductors & Related Devices","3674"
917,"Herman Miller","Office Furniture","2520"
918,"Donaldson","Industrial & Commercial Fans & Blowers & Air Purifying Equip","3564"
919,"Tellabs Inc.","Telephone & Telegraph Apparatus","3661"
920,"Sierra Health Services","Hospital & Medical Service Plans","6324"
921,"CSK Auto","Retail-Auto & Home Supply Stores","5531"
922,"UST Inc.","Tobacco Products","2100"
923,"AptarGroup","Plastics Products, Nec","3089"
924,"Paychex","Services-Engineering, Accounting, Research, Management","8700"
925,"Jo Ann Stores","Retail-Miscellaneous Shopping Goods Stores","5940"
926,"Alpha Natural Resources, Inc.","Bituminous Coal & Lignite Surface Mining","1221"
927,"Toro","Lawn & Garden Tractors & Home Lawn & Garden Equipment","3524"
928,"Gardner Denver","General Industrial Machinery & Equipment","3560"
932,"Selective Insurance Group","Fire, Marine & Casualty Insurance","6331"
934,"Equifax Inc.","Services-Consumer Credit Reporting, Collection Agencies","7320"
935,"Xilinx","Semiconductors & Related Devices","3674"
936,"Brookdale Senior Living","Services-Nursing & Personal Care Facilities","8050"
937,"Arkansas Best","Trucking (No Local)","4213"
938,"Baldor Electric","Motors & Generators","3621"
939,"Public Storage","Real Estate Investment Trusts","6798"
941,"Regal-Beloit","Motors & Generators","3621"
942,"Century Aluminum","Primary Production Of Aluminum","3334"
944,"Mettler-Toledo International","Laboratory Analytical Instruments","3826"
945,"Newfield Exploration Company","Crude Petroleum & Natural Gas","1311"
946,"PerkinElmer","Laboratory Analytical Instruments","3826"
947,"A Schulman","Plastics, Materials, Synth Resins & Nonvulcan Elastomers","2821"
948,"PC Connection","Retail-Catalog & Mail-Order Houses","5961"
950,"Fred's","Retail-Variety Stores","5331"
951,"Polaris Industries","Miscellaneous Transportation Equipment","3790"
952,"Varian Medical Systems","Electromedical & Electrotherapeutic Apparatus","3845"
953,"Agilysys","Wholesale-Electronic Parts & Equipment, Nec","5065"
954,"Apartment Investment and Management Company","Real Estate Investment Trusts","6798"
955,"Cephalon","Pharmaceutical Preparations","2834"
956,"Watsco","Wholesale-Hardware & Plumbing & Heating Equipment & Supplies","5070"
957,"RSC Holdings","Services-Equipment Rental & Leasing, Nec","7359"
958,"Helix Energy Solutions Group","Oil, Gas Field Services, Nbc","1389"
959,"Dollar Thrifty Automotive","Services-Auto Rental & Leasing (No Drivers)","7510"
960,"American Greetings","Greeting Cards","2771"
962,"Amazoncom","Retail-Catalog & Mail-Order Houses","5961"
963,"Modine Manufacturing","Motor Vehicle Parts & Accessories","3714"
964,"CME Group","Security & Commodity Brokers, Dealers, Exchanges & Services","6200"
965,"Guess","Women's, Misses', Children's & Infants' Undergarments","2340"
966,"Oceaneering International","Oil, Gas Field Services, Nbc","1389"
967,"Portland General Electric","Electric Services","4911"
968,"Kansas City Southern","Railroads, Line-Haul Operating","4011"
969,"Colonial Bancgroup","State Commercial Banks","6022"
970,"PSS World Medical","Wholesale-Medical, Dental & Hospital Equipment & Supplies","5047"
971,"La-Z-Boy","Household Furniture","2510"
973,"Louisiana-Pacific","Lumber & Wood Products (No Furniture)","2400"
974,"Westar Energy","Electric & Other Services Combined","4931"
976,"Chico's FAS","Retail-Women's Clothing Stores","5621"
977,"Piedmont Natural Gas","Natural Gas Distribution","4924"
978,"Sealy","Household Furniture","2510"
979,"MGIC Investment Corporation","Surety Insurance","6351"
980,"MSC Industrial Direct","Wholesale-Industrial Machinery & Equipment","5084"
982,"ExpressJet Holdings","Air Transportation, Scheduled","4512"
983,"Cinemark Holdings","Services-Motion Picture Theaters","7830"
984,"New York Community Bancorp","Savings Institutions, Not Federally Chartered","6036"
985,"B/E Aerospace, Inc.","Public Building And Related Furniture","2531"
986,"Arthur J Gallagher","Insurance Agents Brokers & Services","6411"
987,"Plum Creek Timber","Real Estate Investment Trusts","6798"
988,"Central Garden & Pet","Wholesale-Miscellaneous Nondurable Goods","5190"
989,"Fairchild Semiconductor Intl","Semiconductors & Related Devices","3674"
990,"Dresser-Rand Group","Engines & Turbines","3510"
991,"Key Energy Services","Drilling Oil & Gas Wells","1381"
992,"The Dun & Bradstreet Corporation","Services-Consumer Credit Reporting, Collection Agencies","7320"
993,"Sun Healthcare Group","Services-Skilled Nursing Care Facilities","8051"
994,"Hub Group","Arrangement Of Transportation Of Freight & Cargo","4731"
995,"Potlatch","Paper Mills","2621"
997,"Bob Evans Farms","Retail-Eating Places","5812"
998,"Meredith Corporation","Periodicals:  Publishing Or Publishing And Printing","2721"
999,"Beacon Roofing Supply","Wholesale-Lumber & Other Construction Materials","5030"
1000,"Atmel","Semiconductors & Related Devices","3674"
1001,"Calumet Specialty Products","Petroleum Refining","2911"
1002,"Apria Healthcare Group","Services-Home Health Care Services","8082"
1003,"Covance","Services-Commercial Physical & Biological Research","8731"
1004,"Leap Wireless International","Radio Telephone Communications","4812"
1005,"Helmerich & Payne, Inc.","Drilling Oil & Gas Wells","1381"
18116,"Cvs/Caremark","Retail-Drug Stores And Proprietary Stores","5912"
19192,"Dow Chemical","Plastics, Materials, Synth Resins & Nonvulcan Elastomers","2821"
23141,"DirecTV Group","Communication Services, Nec","4899"
23785,"The Chubb Corporation","Fire, Marine & Casualty Insurance","6331"
25822,"McGraw-Hill","Books: Publishing Or Publishing And Printing","2731"
26461,"Rockwell Collins Inc","Aircraft Part & Auxiliary Equipment, Nec","3728"
31285,"Quest Diagnostics Incorporated Political Action Committee","Services-Medical Laboratories","8071"
32235,"3M Company","Surgical & Medical Instruments & Apparatus","3841"
39158,"Health Net Inc","Hospital & Medical Service Plans","6324"
39479,"Wyeth, LLC","Pharmaceutical Preparations","2834"
39530,"Genzyme Corp","Biological Products (No Diagnostic Substances)","2836"
39607,"Eli Lilly & Co","Pharmaceutical Preparations","2834"
39611,"Medtronic Inc","Electromedical & Electrotherapeutic Apparatus","3845"
39762,"Merck & Co. Inc.","Pharmaceutical Preparations","2834"
45328,"The Southern Company","Electric Services","4911"
47164,"Yum Brands, Inc","Retail-Eating Places","5812"
49210,"Complete Production Services, Inc","Oil, Gas Field Services, Nbc","1389"
49237,"Enterprise Products Partners","Natural Gas Transmission","4922"
59466,"Tutor Perini Corporation","General Building Contractors - Nonresidential Buildings","1540"
69355,"Popular Inc","State Commercial Banks","6022"
76206,"Wisconsin Energy","Electric & Other Services Combined","4931"
85442,"Silgan Holdings Inc.","Metal Cans","3411"
85599,"NiSource Gas Transmission & Storage","Electric & Other Services Combined","4931"
85849,"Williams Companies, Inc.","Natural Gas Transmission","4922"
87013,"General Growth Properties Inc.","Real Estate Investment Trusts","6798"
87385,"CoreLogic, Inc.","Title Insurance","6361"
87452,"Jacobs Engineering Group Inc.","Heavy Construction Other Than Building Const - Contractors","1600"
88415,"El Paso Corporation","Natural Gas Transmission","4922"
90717,"Coventry Health Care Inc","Hospital & Medical Service Plans","6324"
97591,"General Motors Financial Company, Inc.","Finance Services","6199"
98181,"Weyerhaeuser Company","Lumber & Wood Products (No Furniture)","2400"
100351,"Prudential Financial Inc.","Life Insurance","6311"
102118,"Spectrum Brands, inc.","Miscellaneous Electrical Machinery, Equipment & Supplies","3690"
102589,"Franklin Resources Inc","Investment Advice","6282"
113096,"Dynegy Inc.","Electric Services","4911"
118971,"Liberty Media Corporation","Cable & Other Pay Television Services","4841"
137859,"Twenty-First Century Fox, Inc.","Newspapers:  Publishing Or Publishing & Printing","2711"
147048,"Career Education Corporation","Services-Educational Services","8200"
